<?xml version="1.0" encoding="UTF-8" ?>
<!DOCTYPE mapper
        PUBLIC "-//mybatis.org//DTD Mapper 3.0//EN"
        "http://mybatis.org/dtd/mybatis-3-mapper.dtd">

<mapper namespace="com.adhd.ad_hell.domain.announcement.query.mapper.AnnouncementMapper">

    <!-- 목록 조회 -->
    <select id="findAllAnnouncements"
            parameterType="com.adhd.ad_hell.domain.announcement.query.dto.request.AnnouncementSearchRequest"
            resultType="com.adhd.ad_hell.domain.announcement.query.dto.response.AnnouncementSummaryResponse">

        SELECT
        a.announcement_id AS id,
        a.title           AS title,
        u.name            AS writerName,
        a.status          AS status,
        a.created_at      AS createdAt
        FROM announcement a
        JOIN user u ON u.user_id = a.user_id
        <where>
            <if test="request.keyword != null and request.keyword.trim() != ''">
                AND (LOWER(a.title) LIKE CONCAT('%', LOWER(#{request.keyword}), '%')
                OR  LOWER(a.content) LIKE CONCAT('%', LOWER(#{request.keyword}), '%'))
            </if>
            <if test="request.status != null and request.status.trim() != ''">
                AND a.status = #{request.status}
            </if>
        </where>
        ORDER BY a.announcement_id DESC
        LIMIT #{request.sizeOrDefault()} OFFSET #{request.offset()}
    </select>


    <!-- 총 개수 -->
    <select id="countAllAnnouncements"
            parameterType="com.adhd.ad_hell.domain.announcement.query.dto.request.AnnouncementSearchRequest"
            resultType="long">
        SELECT COUNT(*)
        FROM announcement a
        <where>
            <if test="request.keyword != null and request.keyword.trim() != ''">
                AND (LOWER(a.title) LIKE CONCAT('%', LOWER(#{request.keyword}), '%')
                OR  LOWER(a.content) LIKE CONCAT('%', LOWER(#{request.keyword}), '%'))
            </if>
            <if test="request.status != null and request.status.trim() != ''">
                AND a.status = #{request.status}
            </if>
        </where>
    </select>


    <!-- 상세 조회 -->
    <select id="findAnnouncementDetailById"
            parameterType="long"
            resultType="com.adhd.ad_hell.domain.announcement.query.dto.response.AnnouncementDetailResponse">
        SELECT
            a.announcement_id AS id,
            a.title           AS title,
            a.content         AS content,
            u.name            AS writerName,
            a.status          AS status,
            a.created_at      AS createdAt,
            a.updated_at      AS updatedAt
        FROM announcement a
                 JOIN user u ON u.user_id = a.user_id
        WHERE a.announcement_id = #{announcementId}
    </select>

</mapper>
